Workbook

Sheet Checklist
A1: CHECKLIST DE AVALIAÇÃO — RELATÓRIO DE TESTE DE USABILIDADE
A2: Auditoria documental | Disciplina de Qualidade de Software | Versão do checklist 1.2
A3: Artefato avaliado | B3: RA1_TesteDeUsabilidade1.pdf | E3: Sistema | F3: GitHub Web
A4: Equipe avaliada | B4: Christopher Paterno; Ronald Lipski; Gustavo Isdra; Bernardo Roche | E4: Data da avaliação
A5: Equipe avaliadora | B5: Afonso Braga Plentz; Giovana Fernandes Alves Martins; Gustavo Campos Souza; Lucas Gabriel Alfaro da Silva
A6: Como usar: selecione CF, NC ou N/A em cada critério. A aderência considera apenas os itens avaliáveis: CF ÷ (CF + NC). Registre a evidência observada antes de encaminhar uma NC para correção.
A7: Nº | B7: Seção | C7: Critério de avaliação | D7: Evidência esperada | E7: Resultado | F7: % de aderência
A8: 1 | B8: Introdução e contexto | C8: O contexto caracteriza o sistema web avaliado? | D8: Nome, finalidade, endereço eletrônico e público-alvo registrados no contexto.
A9: 2 | B9: Introdução e contexto | C9: A justificativa para a escolha do sistema foi apresentada? | D9: Justificativa registrada na introdução.
A10: 3 | B10: Introdução e contexto | C10: Os objetivos específicos do teste foram descritos? | D10: Objetivos verificáveis registrados na introdução. | F10: =IF(E10="","",IF(E10="N/A","",IF(E10="CF",1,0)))
A11: 4 | B11: Introdução e contexto | C11: O aspecto de qualidade avaliado foi identificado? | D11: Menção explícita à usabilidade como aspecto de qualidade. | F11: =IF(E11="","",IF(E11="N/A","",IF(E11="CF",1,0)))
A12: 5 | B12: Metodologia e planejamento | C12: As tarefas planejadas para os participantes foram listadas? | D12: Relação das tarefas previstas para o teste. | F12: =IF(E12="","",IF(E12="N/A","",IF(E12="CF",1,0)))
A13: 6 | B13: Metodologia e planejamento | C13: Cada tarefa indica uma heurística de Nielsen? | D13: Heurística associada a cada tarefa planejada. | F13: =IF(E13="","",IF(E13="N/A","",IF(E13="CF",1,0)))
A14: 7 | B14: Metodologia e planejamento | C14: Cada tarefa possui um cenário de uso definido? | D14: Ação do participante descrita em cada tarefa. | F14: =IF(E14="","",IF(E14="N/A","",IF(E14="CF",1,0)))
A15: 8 | B15: Metodologia e planejamento | C15: Cada tarefa identifica a interface avaliada? | D15: Tela, página ou componente associado a cada tarefa. | F15: =IF(E15="","",IF(E15="N/A","",IF(E15="CF",1,0)))
A16: 9 | B16: Metodologia e planejamento | C16: A aplicação da técnica de caixa preta foi explicada? | D16: Descrição de como o comportamento externo do sistema foi observado. | F16: =IF(E16="","",IF(E16="N/A","",IF(E16="CF",1,0)))
A17: 10 | B17: Metodologia e planejamento | C17: A relevância da técnica de caixa preta para o teste foi justificada? | D17: Relação entre a técnica e a avaliação de usabilidade. | F17: =IF(E17="","",IF(E17="N/A","",IF(E17="CF",1,0)))
A18: 11 | B18: Metodologia e planejamento | C18: Os recursos utilizados no teste foram identificados? | D18: Ferramentas, dispositivos ou materiais de registro listados. | F18: =IF(E18="","",IF(E18="N/A","",IF(E18="CF",1,0)))
A19: 12 | B19: Execução do teste | C19: O processo de execução do teste foi descrito? | D19: Sequência adotada para aplicação das tarefas. | F19: =IF(E19="","",IF(E19="N/A","",IF(E19="CF",1,0)))
A20: 13 | B20: Execução do teste | C20: Cada tarefa planejada possui um resultado registrado? | D20: Resultado associado a cada tarefa do planejamento. | F20: =IF(E20="","",IF(E20="N/A","",IF(E20="CF",1,0)))
A21: 14 | B21: Execução do teste | C21: Cada tarefa executada possui uma evidência verificável? | D21: Captura, registro, link ou referência associado à tarefa. | F21: =IF(E21="","",IF(E21="N/A","",IF(E21="CF",1,0)))
... A37: 30 | B37: Consistência documental | C37: Os quantitativos apresentados na análise coincidem com os resultados da execução? | D37: Totais e percentuais reconciliados com as tarefas executadas. | F37: =IF(E37="","",IF(E37="N/A","",IF(E37="CF",1,0)))

Sheet Resumo e Regras
A1: RESUMO DA AVALIAÇÃO E REGRAS DE TRATAMENTO
A2: Indicadores calculados a partir da aba Checklist | Prazos de correção definidos em minutos
A4: INDICADORES DE ADERÊNCIA | D4: FAIXAS DE ADERÊNCIA | H4: CLASSIFICAÇÃO, PRIORIDADE E PRAZO DE CORREÇÃO
A5: Total de critérios | B5: =COUNTA(Checklist!A8:A37) -> 30 | D5: Faixa | E5: Interpretação | H5: Classificação | I5: Prioridade | J5: Prazo (min) | K5: Critério de enquadramento
A6: Itens avaliados (CF + NC) | B6: =COUNTIF(Checklist!E8:E37,"CF")+COUNTIF(Checklist!E8:E37,"NC") -> 0 | D6: 0% a 60% | E6: Baixa aderência — revisar o artefato antes da aprovação. | H6: Baixa | I6: P3 — Baixa | J6: 30 | K6: Ajuste localizado de apresentação, padronização ou informação complementar.
A7: Em conformidade (CF) | B7: =COUNTIF(Checklist!E8:E37,"CF") -> 0 | D7: >60% a 90% | E7: Aderência parcial — corrigir as NC antes da aprovação. | H7: Média | I7: P2 — Média | J7: 45 | K7: Reduz clareza, rastreabilidade ou completude, sem invalidar o resultado principal.
A8: Não conformidades (NC) | B8: =COUNTIF(Checklist!E8:E37,"NC") -> 0 | D8: >90% a 100% | E8: Alta aderência — tratar as NC remanescentes. | H8: Alta | I8: P1 — Alta | J8: 60 | K8: Compromete requisito obrigatório, conclusão relevante ou confiabilidade do relatório.
A9: Não aplicáveis (N/A) | B9: =COUNTIF(Checklist!E8:E37,"N/A") -> 0
A10: Itens pendentes | B10: =COUNTBLANK(Checklist!E8:E37) -> 30
A11: Aderência geral | B11: =IF((B7+B8)=0,"",B7/(B7+B8))
A12: Nível de aderência | B12: =IF(B11="","Pendente",IF(B11<=60%,"Baixa aderência",IF(B11<=90%,"Aderência parcial","Alta aderência"))) -> Pendente | H12: CONTROLE DE NÃO CONFORMIDADES
H13: Indicador | I13: Quantidade | J13: Regra
H14: NC classificadas | I14: =COUNTIFS(#REF!,"NC",#REF!,"<>") -> #REF! | J14: NC com classificação definida
A15: LEGENDA DE PREENCHIMENTO | H15: NC abertas | I15: =COUNTIF(#REF!,"Aberta") -> #REF! | J15: Status Aberta
A16: Código | B16: Significado | C16: Quando usar | D16: Impacto no cálculo | E16: Registro necessário | H16: NC em correção | I16: =COUNTIF(#REF!,"Em correção") -> #REF! | J16: Status Em correção
A17: CF | B17: Conforme | C17: O requisito possui evidência suficiente no documento. | D17: Conta como 1 | E17: Indicar página, seção, tabela ou evidência. | H17: NC resolvidas | I17: =COUNTIF(#REF!,"Resolvida") -> #REF! | J17: Status Resolvida
A18: NC | B18: Não conforme | C18: O requisito não foi atendido ou não possui evidência suficiente. | D18: Conta como 0 | E18: Descrever a evidência e abrir o controle de NC. | H18: NC escalonadas | I18: =COUNTIF(#REF!,"Escalonada") -> #REF! | J18: Status Escalonada
A19: N/A | B19: Não aplicável | C19: O requisito não se aplica ao escopo do artefato. | D19: Excluído do cálculo | E19: Justificar a não aplicabilidade.
