Workbook

Sheet Checklist
A1: CHECKLIST DE AVALIAÇÃO — RELATÓRIO DE TESTE DE USABILIDADE
A2: Auditoria documental | Disciplina de Qualidade de Software | Versão do checklist 1.2
A3: Artefato avaliado | B3: RA1_TesteDeUsabilidade1.pdf | E3: Sistema | F3: GitHub Web
A4: Equipe avaliada | B4: Christopher Paterno; Ronald Lipski; Gustavo Isdra; Bernardo Roche | E4: Data da avaliação | F4: 46121
A5: Equipe avaliadora | B5: Afonso Braga Plentz; Giovana Fernandes Alves Martins; Gustavo Campos Souza; Lucas Gabriel Alfaro da Silva
A6: Como usar: selecione CF, NC ou N/A em cada critério. A aderência considera apenas os itens avaliáveis: CF ÷ (CF + NC). Registre a evidência observada antes de encaminhar uma NC para correção.
A7: Nº | B7: Seção | C7: Critério de avaliação | D7: Evidência esperada | E7: Resultado | F7: % de aderência | G7: Evidência observada / observação
A8: 1 | B8: Introdução e contexto | C8: O contexto caracteriza o sistema web avaliado? | D8: Nome, finalidade, endereço eletrônico e público-alvo registrados no contexto. | E8: CF | F8: =IF(E8="","",IF(E8="N/A","",IF(E8="CF",1,0))) -> 1
A9: 2 | B9: Introdução e contexto | C9: A justificativa para a escolha do sistema foi apresentada? | D9: Justificativa registrada na introdução. | E9: NC | F9: =IF(E9="","",IF(E9="N/A","",IF(E9="CF",1,0))) -> 0
A10: 3 | B10: Introdução e contexto | C10: Os objetivos específicos do teste foram descritos? | D10: Objetivos verificáveis registrados na introdução. | E10: CF | F10: =IF(E10="","",IF(E10="N/A","",IF(E10="CF",1,0))) -> 1
A11: 4 | B11: Introdução e contexto | C11: O aspecto de qualidade avaliado foi identificado? | D11: Menção explícita à usabilidade como aspecto de qualidade. | E11: CF | F11: =IF(E11="","",IF(E11="N/A","",IF(E11="CF",1,0))) -> 1
A12: 5 | B12: Metodologia e planejamento | C12: As tarefas planejadas para os participantes foram listadas? | D12: Relação das tarefas previstas para o teste. | E12: CF | F12: =IF(E12="","",IF(E12="N/A","",IF(E12="CF",1,0))) -> 1
A13: 6 | B13: Metodologia e planejamento | C13: Cada tarefa indica uma heurística de Nielsen? | D13: Heurística associada a cada tarefa planejada. | E13: CF | F13: =IF(E13="","",IF(E13="N/A","",IF(E13="CF",1,0))) -> 1
A14: 7 | B14: Metodologia e planejamento | C14: Cada tarefa possui um cenário de uso definido? | D14: Ação do participante descrita em cada tarefa. | E14: CF | F14: =IF(E14="","",IF(E14="N/A","",IF(E14="CF",1,0))) -> 1
A15: 8 | B15: Metodologia e planejamento | C15: Cada tarefa identifica a interface avaliada? | D15: Tela, página ou componente associado a cada tarefa. | E15: CF | F15: =IF(E15="","",IF(E15="N/A","",IF(E15="CF",1,0))) -> 1
A16: 9 | B16: Metodologia e planejamento | C16: A aplicação da técnica de caixa preta foi explicada? | D16: Descrição de como o comportamento externo do sistema foi observado. | E16: CF | F16: =IF(E16="","",IF(E16="N/A","",IF(E16="CF",1,0))) -> 1
A17: 10 | B17: Metodologia e planejamento | C17: A relevância da técnica de caixa preta para o teste foi justificada? | D17: Relação entre a técnica e a avaliação de usabilidade. | E17: NC | F17: =IF(E17="","",IF(E17="N/A","",IF(E17="CF",1,0))) -> 0
A18: 11 | B18: Metodologia e planejamento | C18: Os recursos utilizados no teste foram identificados? | D18: Ferramentas, dispositivos ou materiais de registro listados. | E18: CF | F18: =IF(E18="","",IF(E18="N/A","",IF(E18="CF",1,0))) -> 1
A19: 12 | B19: Execução do teste | C19: O processo de execução do teste foi descrito? | D19: Sequência adotada para aplicação das tarefas. | E19: CF | F19: =IF(E19="","",IF(E19="N/A","",IF(E19="CF",1,0))) -> 1
... A37: 30 | B37: Consistência documental | C37: Os quantitativos apresentados na análise coincidem com os resultados da execução? | D37: Totais e percentuais reconciliados com as tarefas executadas. | E37: CF | F37: =IF(E37="","",IF(E37="N/A","",IF(E37="CF",1,0))) -> 1

Sheet Controle de NC
A1: CONTROLE DE NÃO CONFORMIDADES — CORREÇÃO E REINSPEÇÃO
A2: Os critérios e resultados são vinculados à aba Checklist. Preencha o controle somente para itens classificados como NC.
A3: Fluxo sugerido: NC identificada → responsável definido → ação corretiva → correção dentro do prazo → reinspeção → resolução ou escalonamento.
A5: Nº | B5: Seção | C5: Critério | D5: Resultado | E5: Data/hora da identificação | F5: Responsável pela resolução | G5: Classificação | H5: Prioridade | I5: Ação corretiva indicada | J5: Prazo (min) | K5: Data/hora prevista | L5: Data/hora do escalonamento | M5: Data/hora da conclusão | N5: Status da NC
A6: =Checklist!A8 -> 1 | B6: =Checklist!B8 -> Introdução e contexto | C6: =Checklist!C8 -> O contexto caracteriza o sistema web avaliado? | D6: =IF(Checklist!E8="","",Checklist!E8) -> CF | H6: =IF(OR(D6<>"NC",G6=""),"",VLOOKUP(G6,'Resumo e Regras'!$H$6:$J$8,2,FALSE)) | K6: =IF(OR(E6="",J6=""),"",E6+J6/1440)
A7: =Checklist!A9 -> 2 | B7: =Checklist!B9 -> Introdução e contexto | C7: =Checklist!C9 -> A justificativa para a escolha do sistema foi apresentada? | D7: =IF(Checklist!E9="","",Checklist!E9) -> NC | G7: Média | H7: =IF(OR(D7<>"NC",G7=""),"",VLOOKUP(G7,'Resumo e Regras'!$H$6:$J$8,2,FALSE)) -> P2 — Média | I7: A introdução apresenta as características do sistema, mas omite a justificativa de por que ele foi escolhido para o teste, conforme o template exige. | J7: =IF(OR(D7<>"NC",G7=""),"",VLOOKUP(G7,'Resumo e Regras'!$H$6:$J$8,3,FALSE)) -> 45 | K7: =IF(OR(E7="",J7=""),"",E7+J7/1440) | N7: Aberta
A8: =Checklist!A10 -> 3 | B8: =Checklist!B10 -> Introdução e contexto | C8: =Checklist!C10 -> Os objetivos específicos do teste foram descritos? | D8: =IF(Checklist!E10="","",Checklist!E10) -> CF | H8: =IF(OR(D8<>"NC",G8=""),"",VLOOKUP(G8,'Resumo e Regras'!$H$6:$J$8,2,FALSE)) | J8: =IF(OR(D8<>"NC",G8=""),"",VLOOKUP(G8,'Resumo e Regras'!$H$6:$J$8,3,FALSE)) | K8: =IF(OR(E8="",J8=""),"",E8+J8/1440)
A9: =Checklist!A11 -> 4 | B9: =Checklist!B11 -> Introdução e contexto | C9: =Checklist!C11 -> O aspecto de qualidade avaliado foi identificado? | D9: =IF(Checklist!E11="","",Checklist!E11) -> CF | H9: =IF(OR(D9<>"NC",G9=""),"",VLOOKUP(G9,'Resumo e Regras'!$H$6:$J$8,2,FALSE)) | J9: =IF(OR(D9<>"NC",G9=""),"",VLOOKUP(G9,'Resumo e Regras'!$H$6:$J$8,3,FALSE)) | K9: =IF(OR(E9="",J9=""),"",E9+J9/1440)
A10: =Checklist!A12 -> 5 | B10: =Checklist!B12 -> Metodologia e planejamento | C10: =Checklist!C12 -> As tarefas planejadas para os participantes foram listadas? | D10: =IF(Checklist!E12="","",Checklist!E12) -> CF | H10: =IF(OR(D10<>"NC",G10=""),"",VLOOKUP(G10,'Resumo e Regras'!$H$6:$J$8,2,FALSE)) | J10: =IF(OR(D10<>"NC",G10=""),"",VLOOKUP(G10,'Resumo e Regras'!$H$6:$J$8,3,FALSE)) | K10: =IF(OR(E10="",J10=""),"",E10+J10/1440)
A11: =Checklist!A13 -> 6 | B11: =Checklist!B13 -> Metodologia e planejamento | C11: =Checklist!C13 -> Cada tarefa indica uma heurística de Nielsen? | D11: =IF(Checklist!E13="","",Checklist!E13) -> CF | H11: =IF(OR(D11<>"NC",G11=""),"",VLOOKUP(G11,'Resumo e Regras'!$H$6:$J$8,2,FALSE)) | J11: =IF(OR(D11<>"NC",G11=""),"",VLOOKUP(G11,'Resumo e Regras'!$H$6:$J$8,3,FALSE)) | K11: =IF(OR(E11="",J11=""),"",E11+J11/1440)
A12: =Checklist!A14 -> 7 | B12: =Checklist!B14 -> Metodologia e planejamento | C12: =Checklist!C14 -> Cada tarefa possui um cenário de uso definido? | D12: =IF(Checklist!E14="","",Checklist!E14) -> CF | H12: =IF(OR(D12<>"NC",G12=""),"",VLOOKUP(G12,'Resumo e Regras'!$H$6:$J$8,2,FALSE)) | J12: =IF(OR(D12<>"NC",G12=""),"",VLOOKUP(G12,'Resumo e Regras'!$H$6:$J$8,3,FALSE)) | K12: =IF(OR(E12="",J12=""),"",E12+J12/1440)
A13: =Checklist!A15 -> 8 | B13: =Checklist!B15 -> Metodologia e planejamento | C13: =Checklist!C15 -> Cada tarefa identifica a interface avaliada? | D13: =IF(Checklist!E15="","",Checklist!E15) -> CF | H13: =IF(OR(D13<>"NC",G13=""),"",VLOOKUP(G13,'Resumo e Regras'!$H$6:$J$8,2,FALSE)) | J13: =IF(OR(D13<>"NC",G13=""),"",VLOOKUP(G13,'Resumo e Regras'!$H$6:$J$8,3,FALSE)) | K13: =IF(OR(E13="",J13=""),"",E13+J13/1440)
A14: =Checklist!A16 -> 9 | B14: =Checklist!B16 -> Metodologia e planejamento | C14: =Checklist!C16 -> A aplicação da técnica de caixa preta foi explicada? | D14: =IF(Checklist!E16="","",Checklist!E16) -> CF | H14: =IF(OR(D14<>"NC",G14=""),"",VLOOKUP(G14,'Resumo e Regras'!$H$6:$J$8,2,FALSE)) | J14: =IF(OR(D14<>"NC",G14=""),"",VLOOKUP(G14,'Resumo e Regras'!$H$6:$J$8,3,FALSE)) | K14: =IF(OR(E14="",J14=""),"",E14+J14/1440)
A15: =Checklist!A17 -> 10 | B15: =Checklist!B17 -> Metodologia e planejamento | C15: =Checklist!C17 -> A relevância da técnica de caixa preta para o teste foi justificada? | D15: =IF(Checklist!E17="","",Checklist!E17) -> NC | G15: Baixa | H15: =IF(OR(D15<>"NC",G15=""),"",VLOOKUP(G15,'Resumo e Regras'!$H$6:$J$8,2,FALSE)) -> P3 — Baixa | I15: Está indicando que "serão considerados apenas as ações do participante e os resultados", mas não inserem a relevância dessa escolha para o objetivo geral de usabilidade. | J15: =IF(OR(D15<>"NC",G15=""),"",VLOOKUP(G15,'Resumo e Regras'!$H$6:$J$8,3,FALSE)) -> 30 | K15: =IF(OR(E15="",J15=""),"",E15+J15/1440) | N15: Aberta
A16: =Checklist!A18 -> 11 | B16: =Checklist!B18 -> Metodologia e planejamento | C16: =Checklist!C18 -> Os recursos utilizados no teste foram identificados? | D16: =IF(Checklist!E18="","",Checklist!E18) -> CF | H16: =IF(OR(D16<>"NC",G16=""),"",VLOOKUP(G16,'Resumo e Regras'!$H$6:$J$8,2,FALSE)) | J16: =IF(OR(D16<>"NC",G16=""),"",VLOOKUP(G16,'Resumo e Regras'!$H$6:$J$8,3,FALSE)) | K16: =IF(OR(E16="",J16=""),"",E16+J16/1440)
A17: =Checklist!A19 -> 12 | B17: =Checklist!B19 -> Execução do teste | C17: =Checklist!C19 -> O processo de execução do teste foi descrito? | D17: =IF(Checklist!E19="","",Checklist!E19) -> CF | H17: =IF(OR(D17<>"NC",G17=""),"",VLOOKUP(G17,'Resumo e Regras'!$H$6:$J$8,2,FALSE)) | J17: =IF(OR(D17<>"NC",G17=""),"",VLOOKUP(G17,'Resumo e Regras'!$H$6:$J$8,3,FALSE)) | K17: =IF(OR(E17="",J17=""),"",E17+J17/1440)
A18: =Checklist!A20 -> 13 | B18: =Checklist!B20 -> Execução do teste | C18: =Checklist!C20 -> Cada tarefa planejada possui um resultado registrado? | D18: =IF(Checklist!E20="","",Checklist!E20) -> CF | H18: =IF(OR(D18<>"NC",G18=""),"",VLOOKUP(G18,'Resumo e Regras'!$H$6:$J$8,2,FALSE)) | J18: =IF(OR(D18<>"NC",G18=""),"",VLOOKUP(G18,'Resumo e Regras'!$H$6:$J$8,3,FALSE)) | K18: =IF(OR(E18="",J18=""),"",E18+J18/1440)
A19: =Checklist!A21 -> 14 | B19: =Checklist!B21 -> Execução do teste | C19: =Checklist!C21 -> Cada tarefa executada possui uma evidência verificável? | D19: =IF(Checklist!E21="","",Checklist!E21) -> CF | H19: =IF(OR(D19<>"NC",G19=""),"",VLOOKUP(G19,'Resumo e Regras'!$H$6:$J$8,2,FALSE)) | J19: =IF(OR(D19<>"NC",G19=""),"",VLOOKUP(G19,'Resumo e Regras'!$H$6:$J$8,3,FALSE)) | K19: =IF(OR(E19="",J19=""),"",E19+J19/1440)
A20: =Checklist!A22 -> 15 | B20: =Checklist!B22 -> Execução do teste | C20: =Checklist!C22 -> Cada evidência sustenta o resultado atribuído à tarefa? | D20: =IF(Checklist!E22="","",Checklist!E22) -> NC | G20: Média | H20: =IF(OR(D20<>"NC",G20=""),"",VLOOKUP(G20,'Resumo e Regras'!$H$6:$J$8,2,FALSE)) -> P2 — Média | I20: A Seção 3 não inclui "imagens que evidenciem os testes", como exige expressamente o template. Eles inseriram links em formato de texto, não prints das telas. | J20: =IF(OR(D20<>"NC",G20=""),"",VLOOKUP(G20,'Resumo e Regras'!$H$6:$J$8,3,FALSE)) -> 45 | K20: =IF(OR(E20="",J20=""),"",E20+J20/1440) | N20: Escalonada
A21: =Checklist!A23 -> 16 | B21: =Checklist!B23 -> Análise de usabilidade | C21: =Checklist!C23 -> A análise contempla as dez heurísticas de Nielsen? | D21: =IF(Checklist!E23="","",Checklist!E23) -> CF | H21: =IF(OR(D21<>"NC",G21=""),"",VLOOKUP(G21,'Resumo e Regras'!$H$6:$J$8,2,FALSE)) | J21: =IF(OR(D21<>"NC",G21=""),"",VLOOKUP(G21,'Resumo e Regras'!$H$6:$J$8,3,FALSE)) | K21: =IF(OR(E21="",J21=""),"",E21+J21/1440)
A22: =Checklist!A24 -> 17 | B22: =Checklist!B24 -> Análise de usabilidade | C22: =Checklist!C24 -> Os achados da análise são rastreáveis aos testes executados? | D22: =IF(Checklist!E24="","",Checklist!E24) -> CF | H22: =IF(OR(D22<>"NC",G22=""),"",VLOOKUP(G22,'Resumo e Regras'!$H$6:$J$8,2,FALSE)) | J22: =IF(OR(D22<>"NC",G22=""),"",VLOOKUP(G22,'Resumo e Regras'!$H$6:$J$8,3,FALSE)) | K22: =IF(OR(E22="",J22=""),"",E22+J22/1440)
A23: =Checklist!A25 -> 18 | B23: =Checklist!B25 -> Análise de usabilidade | C23: =Checklist!C25 -> Os problemas de maior impacto foram identificados? | D23: =IF(Checklist!E25="","",Checklist!E25) -> CF | H23: =IF(OR(D23<>"NC",G23=""),"",VLOOKUP(G23,'Resumo e Regras'!$H$6:$J$8,2,FALSE)) | J23: =IF(OR(D23<>"NC",G23=""),"",VLOOKUP(G23,'Resumo e Regras'!$H$6:$J$8,3,FALSE)) | K23: =IF(OR(E23="",J23=""),"",E23+J23/1440)
A24: =Checklist!A26 -> 19 | B24: =Checklist!B26 -> Análise de usabilidade | C24: =Checklist!C26 -> Cada problema de maior impacto possui uma classificação? | D24: =IF(Checklist!E26="","",Checklist!E26) -> CF | H24: =IF(OR(D24<>"NC",G24=""),"",VLOOKUP(G24,'Resumo e Regras'!$H$6:$J$8,2,FALSE)) | J24: =IF(OR(D24<>"NC",G24=""),"",VLOOKUP(G24,'Resumo e Regras'!$H$6:$J$8,3,FALSE)) | K24: =IF(OR(E24="",J24=""),"",E24+J24/1440)
A25: =Checklist!A27 -> 20 | B25: =Checklist!B27 -> Conclusão e recomendações | C25: =Checklist!C27 -> A conclusão sintetiza a avaliação geral da qualidade do sistema? | D25: =IF(Checklist!E27="","",Checklist!E27) -> CF | H25: =IF(OR(D25<>"NC",G25=""),"",VLOOKUP(G25,'Resumo e Regras'!$H$6:$J$8,2,FALSE)) | J25: =IF(OR(D25<>"NC",G25=""),"",VLOOKUP(G25,'Resumo e Regras'!$H$6:$J$8,3,FALSE)) | K25: =IF(OR(E25="",J25=""),"",E25+J25/1440)
A26: =Checklist!A28 -> 21 | B26: =Checklist!B28 -> Conclusão e recomendações | C26: =Checklist!C28 -> As recomendações decorrem dos problemas identificados? | D26: =IF(Checklist!E28="","",Checklist!E28) -> CF | H26: =IF(OR(D26<>"NC",G26=""),"",VLOOKUP(G26,'Resumo e Regras'!$H$6:$J$8,2,FALSE)) | J26: =IF(OR(D26<>"NC",G26=""),"",VLOOKUP(G26,'Resumo e Regras'!$H$6:$J$8,3,FALSE)) | K26: =IF(OR(E26="",J26=""),"",E26+J26/1440)
A27: =Checklist!A29 -> 22 | B27: =Checklist!B29 -> Checklist do processo | C27: =Checklist!C29 -> O checklist registra as etapas previstas do processo de teste? | D27: =IF(Checklist!E29="","",Checklist!E29) -> CF | H27: =IF(OR(D27<>"NC",G27=""),"",VLOOKUP(G27,'Resumo e Regras'!$H$6:$J$8,2,FALSE)) | J27: =IF(OR(D27<>"NC",G27=""),"",VLOOKUP(G27,'Resumo e Regras'!$H$6:$J$8,3,FALSE)) | K27: =IF(OR(E27="",J27=""),"",E27+J27/1440)
A28: =Checklist!A30 -> 23 | B28: =Checklist!B30 -> Checklist do processo | C28: =Checklist!C30 -> O responsável pela aplicação do checklist foi identificado? | D28: =IF(Checklist!E30="","",Checklist!E30) -> NC | G28: Alta | H28: =IF(OR(D28<>"NC",G28=""),"",VLOOKUP(G28,'Resumo e Regras'!$H$6:$J$8,2,FALSE)) -> P1 — Alta | I28: Não há o nome de quem aplicou o checklist na Seção 6. | J28: =IF(OR(D28<>"NC",G28=""),"",VLOOKUP(G28,'Resumo e Regras'!$H$6:$J$8,3,FALSE)) -> 60 | K28: =IF(OR(E28="",J28=""),"",E28+J28/1440) | N28: Aberta
A29: =Checklist!A31 -> 24 | B29: =Checklist!B31 -> Checklist do processo | C29: =Checklist!C31 -> O responsável pela revisão do checklist foi identificado? | D29: =IF(Checklist!E31="","",Checklist!E31) -> NC | G29: Alta | H29: =IF(OR(D29<>"NC",G29=""),"",VLOOKUP(G29,'Resumo e Regras'!$H$6:$J$8,2,FALSE)) -> P1 — Alta | I29: Não há o nome de quem revisou o checklist na Seção 6. | J29: =IF(OR(D29<>"NC",G29=""),"",VLOOKUP(G29,'Resumo e Regras'!$H$6:$J$8,3,FALSE)) -> 60 | K29: =IF(OR(E29="",J29=""),"",E29+J29/1440) | N29: Aberta
A30: =Checklist!A32 -> 25 | B30: =Checklist!B32 -> Referências | C30: =Checklist!C32 -> A fonte utilizada para as heurísticas de Nielsen foi citada? | D30: =IF(Checklist!E32="","",Checklist!E32) -> CF | H30: =IF(OR(D30<>"NC",G30=""),"",VLOOKUP(G30,'Resumo e Regras'!$H$6:$J$8,2,FALSE)) | J30: =IF(OR(D30<>"NC",G30=""),"",VLOOKUP(G30,'Resumo e Regras'!$H$6:$J$8,3,FALSE)) | K30: =IF(OR(E30="",J30=""),"",E30+J30/1440)
A31: =Checklist!A33 -> 26 | B31: =Checklist!B33 -> Referências | C31: =Checklist!C33 -> A fonte utilizada para a técnica de caixa preta foi citada? | D31: =IF(Checklist!E33="","",Checklist!E33) -> NC | G31: Baixa | H31: =IF(OR(D31<>"NC",G31=""),"",VLOOKUP(G31,'Resumo e Regras'!$H$6:$J$8,2,FALSE)) -> P3 — Baixa | I31: As referências cobrem o Nielsen e o GitHub, mas não incluem referências de técnicas de testes de usabilidade (Caixa Preta). | J31: =IF(OR(D31<>"NC",G31=""),"",VLOOKUP(G31,'Resumo e Regras'!$H$6:$J$8,3,FALSE)) -> 30 | K31: =IF(OR(E31="",J31=""),"",E31+J31/1440) | N31: Aberta
A32: =Checklist!A34 -> 27 | B32: =Checklist!B34 -> Consistência documental | C32: =Checklist!C34 -> A estrutura do documento segue a ordem definida no template? | D32: =IF(Checklist!E34="","",Checklist!E34) -> CF | H32: =IF(OR(D32<>"NC",G32=""),"",VLOOKUP(G32,'Resumo e Regras'!$H$6:$J$8,2,FALSE)) | J32: =IF(OR(D32<>"NC",G32=""),"",VLOOKUP(G32,'Resumo e Regras'!$H$6:$J$8,3,FALSE)) | K32: =IF(OR(E32="",J32=""),"",E32+J32/1440)
A33: =Checklist!A35 -> 28 | B33: =Checklist!B35 -> Consistência documental | C33: =Checklist!C35 -> Os textos de orientação do template foram removidos da versão avaliada? | D33: =IF(Checklist!E35="","",Checklist!E35) -> NC | G33: Baixa | H33: =IF(OR(D33<>"NC",G33=""),"",VLOOKUP(G33,'Resumo e Regras'!$H$6:$J$8,2,FALSE)) -> P3 — Baixa | I33: Na seção 1.1 "Contexto do Projeto", o endereço web não foi fornecido. Além disso, em alguns pontos (como entre CT37 e CT38 e em CT17 e CT18), a formatação da tabela desconfigurou (células quebradas/em branco) | J33: =IF(OR(D33<>"NC",G33=""),"",VLOOKUP(G33,'Resumo e Regras'!$H$6:$J$8,3,FALSE)) -> 30 | K33: =IF(OR(E33="",J33=""),"",E33+J33/1440) | N33: Aberta
A34: =Checklist!A36 -> 29 | B34: =Checklist!B36 -> Consistência documental | C34: =Checklist!C36 -> Os identificadores das tarefas coincidem entre planejamento e execução? | D34: =IF(Checklist!E36="","",Checklist!E36) -> NC | G34: Alta | H34: =IF(OR(D34<>"NC",G34=""),"",VLOOKUP(G34,'Resumo e Regras'!$H$6:$J$8,2,FALSE)) -> P1 — Alta | I34: No Planejamento (item 2.1) os testes não possuem um identificador (código). Na Execução (item 3.1) eles "surgem" do CT01 ao CT40, impossibilitando uma ligação direta 1:1 clara (já que algumas heurísticas se repetem ou apontam para múltiplas linhas). | J34: =IF(OR(D34<>"NC",G34=""),"",VLOOKUP(G34,'Resumo e Regras'!$H$6:$J$8,3,FALSE)) -> 60 | K34: =IF(OR(E34="",J34=""),"",E34+J34/1440) | N34: Aberta
A35: =Checklist!A37 -> 30 | B35: =Checklist!B37 -> Consistência documental | C35: =Checklist!C37 -> Os quantitativos apresentados na análise coincidem com os resultados da execução? | D35: =IF(Checklist!E37="","",Checklist!E37) -> CF | H35: =IF(OR(D35<>"NC",G35=""),"",VLOOKUP(G35,'Resumo e Regras'!$H$6:$J$8,2,FALSE)) | J35: =IF(OR(D35<>"NC",G35=""),"",VLOOKUP(G35,'Resumo e Regras'!$H$6:$J$8,3,FALSE)) | K35: =IF(OR(E35="",J35=""),"",E35+J35/1440)

Sheet Resumo e Regras
A1: RESUMO DA AVALIAÇÃO E REGRAS DE TRATAMENTO
A2: Indicadores calculados a partir da aba Checklist | Prazos de correção definidos em minutos
A4: INDICADORES DE ADERÊNCIA | D4: FAIXAS DE ADERÊNCIA | H4: CLASSIFICAÇÃO, PRIORIDADE E PRAZO DE CORREÇÃO
A5: Total de critérios | B5: =COUNTA(Checklist!A8:A37) -> 30 | D5: Faixa | E5: Interpretação | H5: Classificação | I5: Prioridade | J5: Prazo (min) | K5: Critério de enquadramento
A6: Itens avaliados (CF + NC) | B6: =COUNTIF(Checklist!E8:E37,"CF")+COUNTIF(Checklist!E8:E37,"NC") -> 30 | D6: 0% a 60% | E6: Baixa aderência — revisar o artefato antes da aprovação. | H6: Baixa | I6: P3 — Baixa | J6: 30 | K6: Ajuste localizado de apresentação, padronização ou informação complementar.
A7: Em conformidade (CF) | B7: =COUNTIF(Checklist!E8:E37,"CF") -> 22 | D7: >60% a 90% | E7: Aderência parcial — corrigir as NC antes da aprovação. | H7: Média | I7: P2 — Média | J7: 45 | K7: Reduz clareza, rastreabilidade ou completude, sem invalidar o resultado principal.
A8: Não conformidades (NC) | B8: =COUNTIF(Checklist!E8:E37,"NC") -> 8 | D8: >90% a 100% | E8: Alta aderência — tratar as NC remanescentes. | H8: Alta | I8: P1 — Alta | J8: 60 | K8: Compromete requisito obrigatório, conclusão relevante ou confiabilidade do relatório.
A9: Não aplicáveis (N/A) | B9: =COUNTIF(Checklist!E8:E37,"N/A") -> 0
A10: Itens pendentes | B10: =COUNTBLANK(Checklist!E8:E37) -> 0
A11: Aderência geral | B11: =IF((B7+B8)=0,"",B7/(B7+B8)) -> 0.73333333
A12: Nível de aderência | B12: =IF(B11="","Pendente",IF(B11<=60%,"Baixa aderência",IF(B11<=90%,"Aderência parcial","Alta aderência"))) -> Aderência parcial | H12: CONTROLE DE NÃO CONFORMIDADES
H13: Indicador | I13: Quantidade | J13: Regra
H14: NC classificadas | I14: =COUNTIFS('Controle de NC'!D6:D35,"NC",'Controle de NC'!G6:G35,"<>") -> 8 | J14: NC com classificação definida
A15: LEGENDA DE PREENCHIMENTO | H15: NC abertas | I15: =COUNTIF('Controle de NC'!N6:N35,"Aberta") -> 7 | J15: Status Aberta
A16: Código | B16: Significado | C16: Quando usar | D16: Impacto no cálculo | E16: Registro necessário | H16: NC em correção | I16: =COUNTIF('Controle de NC'!N6:N35,"Em correção") -> 0 | J16: Status Em correção
A17: CF | B17: Conforme | C17: O requisito possui evidência suficiente no documento. | D17: Conta como 1 | E17: Indicar página, seção, tabela ou evidência. | H17: NC resolvidas | I17: =COUNTIF('Controle de NC'!N6:N35,"Resolvida") -> 0 | J17: Status Resolvida
A18: NC | B18: Não conforme | C18: O requisito não foi atendido ou não possui evidência suficiente. | D18: Conta como 0 | E18: Descrever a evidência e abrir o controle de NC. | H18: NC escalonadas | I18: =COUNTIF('Controle de NC'!N6:N35,"Escalonada") -> 1 | J18: Status Escalonada
A19: N/A | B19: Não aplicável | C19: O requisito não se aplica ao escopo do artefato. | D19: Excluído do cálculo | E19: Justificar a não aplicabilidade.
